,anova,mutual_info,random_forest,l1_logistic,rfe,boruta,correlation,total
7.33_46_CP,1.0,1.0,1.0,1.0,1.0,1.0,1.0,7.0
2.66_37,1.0,0.0,1.0,1.0,1.0,1.0,1.0,6.0
6.48_48_CP,1.0,0.0,1.0,1.0,1.0,1.0,1.0,6.0
5.42_48,1.0,1.0,1.0,0.0,1.0,1.0,1.0,6.0
7.30_23_CP,1.0,1.0,0.0,1.0,0.0,1.0,1.0,5.0
7.43_48,1.0,0.0,1.0,0.0,1.0,1.0,1.0,5.0
45.52_40,1.0,0.0,1.0,0.0,1.0,1.0,1.0,5.0
45.51_40,1.0,0.0,1.0,1.0,1.0,0.0,1.0,5.0
6.51_48_CP,1.0,0.0,1.0,0.0,1.0,1.0,1.0,5.0
45.50_40,1.0,0.0,1.0,0.0,0.0,1.0,1.0,4.0
2.60_48_CP,1.0,0.0,1.0,0.0,1.0,0.0,1.0,4.0
3.33_48_CP,1.0,1.0,0.0,0.0,0.0,1.0,1.0,4.0
3.32_48_CP,1.0,0.0,1.0,0.0,0.0,1.0,1.0,4.0
3.36_48_CP,1.0,0.0,0.0,0.0,1.0,1.0,1.0,4.0
5.39_47_CP,1.0,0.0,1.0,0.0,1.0,0.0,1.0,4.0
23.50_28,1.0,0.0,1.0,0.0,0.0,1.0,1.0,4.0
N4_44,0.0,1.0,0.0,1.0,1.0,1.0,0.0,4.0
7.39_48_CP,1.0,0.0,1.0,0.0,0.0,0.0,1.0,3.0
7.31_39_CP,0.0,0.0,1.0,0.0,1.0,1.0,0.0,3.0
2.64_40_CP,0.0,0.0,1.0,0.0,1.0,1.0,0.0,3.0
2.57_48_CP,1.0,1.0,0.0,0.0,0.0,0.0,1.0,3.0
6.59_40_CP,0.0,0.0,1.0,1.0,1.0,0.0,0.0,3.0
5.46_48_CP,1.0,0.0,0.0,1.0,0.0,0.0,1.0,3.0
2.53_48_CP,0.0,1.0,0.0,1.0,0.0,0.0,0.0,2.0
2.63_43_CP,0.0,0.0,0.0,0.0,1.0,1.0,0.0,2.0
5.35_35_CP,0.0,0.0,1.0,0.0,1.0,0.0,0.0,2.0
7.36_48,0.0,0.0,0.0,0.0,1.0,1.0,0.0,2.0
1.30_37,1.0,0.0,0.0,0.0,0.0,0.0,1.0,2.0
5.44_48_CP,0.0,1.0,0.0,1.0,0.0,0.0,0.0,2.0
8.56_46,0.0,1.0,0.0,0.0,0.0,0.0,0.0,1.0
3.41_48,0.0,1.0,0.0,0.0,0.0,0.0,0.0,1.0
3.28_48_CP,0.0,0.0,0.0,0.0,0.0,1.0,0.0,1.0
5.53_48,0.0,1.0,0.0,0.0,0.0,0.0,0.0,1.0
C35_26,0.0,1.0,0.0,0.0,0.0,0.0,0.0,1.0
5.40_48_CP,0.0,0.0,0.0,1.0,0.0,0.0,0.0,1.0
5.52_48,0.0,1.0,0.0,0.0,0.0,0.0,0.0,1.0
4.64_37,0.0,0.0,1.0,0.0,0.0,0.0,0.0,1.0
3.34_48_CP,0.0,0.0,0.0,1.0,0.0,0.0,0.0,1.0
2.59_48_CP,0.0,0.0,0.0,1.0,0.0,0.0,0.0,1.0
2.61_46_CP,0.0,0.0,0.0,1.0,0.0,0.0,0.0,1.0
4.61_48_CP,0.0,0.0,0.0,1.0,0.0,0.0,0.0,1.0
5.38_44,0.0,0.0,0.0,0.0,1.0,0.0,0.0,1.0
7.35_48_CP,0.0,1.0,0.0,0.0,0.0,0.0,0.0,1.0
12.50_32,0.0,1.0,0.0,0.0,0.0,0.0,0.0,1.0
6.55_44_CP,0.0,0.0,0.0,1.0,0.0,0.0,0.0,1.0
4.55_48,0.0,1.0,0.0,0.0,0.0,0.0,0.0,1.0
N17_40,0.0,1.0,0.0,0.0,0.0,0.0,0.0,1.0
1.39_48_CP,0.0,0.0,1.0,0.0,0.0,0.0,0.0,1.0
7.37_48_CP,0.0,0.0,0.0,1.0,0.0,0.0,0.0,1.0
C5_45,0.0,1.0,0.0,0.0,0.0,0.0,0.0,1.0
N11_42,0.0,1.0,0.0,0.0,0.0,0.0,0.0,1.0
34.56_29,0.0,1.0,0.0,0.0,0.0,0.0,0.0,1.0
N10_43,0.0,0.0,0.0,0.0,1.0,0.0,0.0,1.0
7.40_48,0.0,0.0,0.0,1.0,0.0,0.0,0.0,1.0
N8_44,0.0,0.0,0.0,0.0,0.0,1.0,0.0,1.0
7.41_48_CP,0.0,0.0,0.0,1.0,0.0,0.0,0.0,1.0
6.56_44,0.0,0.0,0.0,1.0,0.0,0.0,0.0,1.0
12.49_32,0.0,0.0,0.0,0.0,0.0,0.0,0.0,0.0
8.51_46,0.0,0.0,0.0,0.0,0.0,0.0,0.0,0.0
12.51_32,0.0,0.0,0.0,0.0,0.0,0.0,0.0,0.0
23.49_28,0.0,0.0,0.0,0.0,0.0,0.0,0.0,0.0
23.51_28,0.0,0.0,0.0,0.0,0.0,0.0,0.0,0.0
8.57_45,0.0,0.0,0.0,0.0,0.0,0.0,0.0,0.0
12.48_32,0.0,0.0,0.0,0.0,0.0,0.0,0.0,0.0
8.61_22,0.0,0.0,0.0,0.0,0.0,0.0,0.0,0.0
8.58_41,0.0,0.0,0.0,0.0,0.0,0.0,0.0,0.0
8.52_46,0.0,0.0,0.0,0.0,0.0,0.0,0.0,0.0
8.53_46,0.0,0.0,0.0,0.0,0.0,0.0,0.0,0.0
8.50_46,0.0,0.0,0.0,0.0,0.0,0.0,0.0,0.0
8.54_45,0.0,0.0,0.0,0.0,0.0,0.0,0.0,0.0
8.59_38,0.0,0.0,0.0,0.0,0.0,0.0,0.0,0.0
8.55_46,0.0,0.0,0.0,0.0,0.0,0.0,0.0,0.0
8.60_26,0.0,0.0,0.0,0.0,0.0,0.0,0.0,0.0
1.28_25_CP,0.0,0.0,0.0,0.0,0.0,0.0,0.0,0.0
8.49_45,0.0,0.0,0.0,0.0,0.0,0.0,0.0,0.0
7.42_48_CP,0.0,0.0,0.0,0.0,0.0,0.0,0.0,0.0
6.46_48,0.0,0.0,0.0,0.0,0.0,0.0,0.0,0.0
6.47_48,0.0,0.0,0.0,0.0,0.0,0.0,0.0,0.0
6.49_48,0.0,0.0,0.0,0.0,0.0,0.0,0.0,0.0
6.50_48,0.0,0.0,0.0,0.0,0.0,0.0,0.0,0.0
6.52_47_CP,0.0,0.0,0.0,0.0,0.0,0.0,0.0,0.0
6.53_47,0.0,0.0,0.0,0.0,0.0,0.0,0.0,0.0
6.54_46_CP,0.0,0.0,0.0,0.0,0.0,0.0,0.0,0.0
6.57_43,0.0,0.0,0.0,0.0,0.0,0.0,0.0,0.0
6.58_43_CP,0.0,0.0,0.0,0.0,0.0,0.0,0.0,0.0
6.60_39,0.0,0.0,0.0,0.0,0.0,0.0,0.0,0.0
6.61_39_CP,0.0,0.0,0.0,0.0,0.0,0.0,0.0,0.0
7.32_45,0.0,0.0,0.0,0.0,0.0,0.0,0.0,0.0
7.34_47_CP,0.0,0.0,0.0,0.0,0.0,0.0,0.0,0.0
7.38_48_CP,0.0,0.0,0.0,0.0,0.0,0.0,0.0,0.0
7.44_48,0.0,0.0,0.0,0.0,0.0,0.0,0.0,0.0
8.48_45,0.0,0.0,0.0,0.0,0.0,0.0,0.0,0.0
7.45_48,0.0,0.0,0.0,0.0,0.0,0.0,0.0,0.0
7.46_48,0.0,0.0,0.0,0.0,0.0,0.0,0.0,0.0
7.47_48,0.0,0.0,0.0,0.0,0.0,0.0,0.0,0.0
7.48_48,0.0,0.0,0.0,0.0,0.0,0.0,0.0,0.0
7.49_48,0.0,0.0,0.0,0.0,0.0,0.0,0.0,0.0
7.50_48,0.0,0.0,0.0,0.0,0.0,0.0,0.0,0.0
7.51_48,0.0,0.0,0.0,0.0,0.0,0.0,0.0,0.0
7.52_48,0.0,0.0,0.0,0.0,0.0,0.0,0.0,0.0
7.53_48,0.0,0.0,0.0,0.0,0.0,0.0,0.0,0.0
34.50_34,0.0,0.0,0.0,0.0,0.0,0.0,0.0,0.0
7.54_47,0.0,0.0,0.0,0.0,0.0,0.0,0.0,0.0
7.55_46,0.0,0.0,0.0,0.0,0.0,0.0,0.0,0.0
7.56_45,0.0,0.0,0.0,0.0,0.0,0.0,0.0,0.0
8.47_45,0.0,0.0,0.0,0.0,0.0,0.0,0.0,0.0
23.52_28,0.0,0.0,0.0,0.0,0.0,0.0,0.0,0.0
C4_46,0.0,0.0,0.0,0.0,0.0,0.0,0.0,0.0
34.51_34,0.0,0.0,0.0,0.0,0.0,0.0,0.0,0.0
N7_44,0.0,0.0,0.0,0.0,0.0,0.0,0.0,0.0
N18_39,0.0,0.0,0.0,0.0,0.0,0.0,0.0,0.0
N16_40,0.0,0.0,0.0,0.0,0.0,0.0,0.0,0.0
N15_40,0.0,0.0,0.0,0.0,0.0,0.0,0.0,0.0
N14_41,0.0,0.0,0.0,0.0,0.0,0.0,0.0,0.0
N13_41,0.0,0.0,0.0,0.0,0.0,0.0,0.0,0.0
N12_42,0.0,0.0,0.0,0.0,0.0,0.0,0.0,0.0
N9_44,0.0,0.0,0.0,0.0,0.0,0.0,0.0,0.0
N6_44,0.0,0.0,0.0,0.0,0.0,0.0,0.0,0.0
N20_38,0.0,0.0,0.0,0.0,0.0,0.0,0.0,0.0
N5_44,0.0,0.0,0.0,0.0,0.0,0.0,0.0,0.0
N3_45,0.0,0.0,0.0,0.0,0.0,0.0,0.0,0.0
N2_45,0.0,0.0,0.0,0.0,0.0,0.0,0.0,0.0
N1_48,0.0,0.0,0.0,0.0,0.0,0.0,0.0,0.0
C41_21,0.0,0.0,0.0,0.0,0.0,0.0,0.0,0.0
C40_22,0.0,0.0,0.0,0.0,0.0,0.0,0.0,0.0
C39_23,0.0,0.0,0.0,0.0,0.0,0.0,0.0,0.0
N19_38,0.0,0.0,0.0,0.0,0.0,0.0,0.0,0.0
N21_37,0.0,0.0,0.0,0.0,0.0,0.0,0.0,0.0
C37_24,0.0,0.0,0.0,0.0,0.0,0.0,0.0,0.0
N31_27,0.0,0.0,0.0,0.0,0.0,0.0,0.0,0.0
N38_22,0.0,0.0,0.0,0.0,0.0,0.0,0.0,0.0
N37_23,0.0,0.0,0.0,0.0,0.0,0.0,0.0,0.0
N36_24,0.0,0.0,0.0,0.0,0.0,0.0,0.0,0.0
N35_24,0.0,0.0,0.0,0.0,0.0,0.0,0.0,0.0
N34_25,0.0,0.0,0.0,0.0,0.0,0.0,0.0,0.0
N33_26,0.0,0.0,0.0,0.0,0.0,0.0,0.0,0.0
N32_26,0.0,0.0,0.0,0.0,0.0,0.0,0.0,0.0
N30_28,0.0,0.0,0.0,0.0,0.0,0.0,0.0,0.0
N22_36,0.0,0.0,0.0,0.0,0.0,0.0,0.0,0.0
N29_30,0.0,0.0,0.0,0.0,0.0,0.0,0.0,0.0
N28_31,0.0,0.0,0.0,0.0,0.0,0.0,0.0,0.0
N27_31,0.0,0.0,0.0,0.0,0.0,0.0,0.0,0.0
N26_32,0.0,0.0,0.0,0.0,0.0,0.0,0.0,0.0
N25_34,0.0,0.0,0.0,0.0,0.0,0.0,0.0,0.0
N24_35,0.0,0.0,0.0,0.0,0.0,0.0,0.0,0.0
N23_36,0.0,0.0,0.0,0.0,0.0,0.0,0.0,0.0
C38_23,0.0,0.0,0.0,0.0,0.0,0.0,0.0,0.0
C36_25,0.0,0.0,0.0,0.0,0.0,0.0,0.0,0.0
34.52_34,0.0,0.0,0.0,0.0,0.0,0.0,0.0,0.0
C6_45,0.0,0.0,0.0,0.0,0.0,0.0,0.0,0.0
C13_40,0.0,0.0,0.0,0.0,0.0,0.0,0.0,0.0
C12_41,0.0,0.0,0.0,0.0,0.0,0.0,0.0,0.0
C11_41,0.0,0.0,0.0,0.0,0.0,0.0,0.0,0.0
C10_41,0.0,0.0,0.0,0.0,0.0,0.0,0.0,0.0
C9_42,0.0,0.0,0.0,0.0,0.0,0.0,0.0,0.0
C8_43,0.0,0.0,0.0,0.0,0.0,0.0,0.0,0.0
C7_44,0.0,0.0,0.0,0.0,0.0,0.0,0.0,0.0
6.44_48_CP,0.0,0.0,0.0,0.0,0.0,0.0,0.0,0.0
C15_39,0.0,0.0,0.0,0.0,0.0,0.0,0.0,0.0
C3_46,0.0,0.0,0.0,0.0,0.0,0.0,0.0,0.0
C2_46,0.0,0.0,0.0,0.0,0.0,0.0,0.0,0.0
C1_47,0.0,0.0,0.0,0.0,0.0,0.0,0.0,0.0
34.57_26,0.0,0.0,0.0,0.0,0.0,0.0,0.0,0.0
34.55_32,0.0,0.0,0.0,0.0,0.0,0.0,0.0,0.0
34.54_33,0.0,0.0,0.0,0.0,0.0,0.0,0.0,0.0
34.53_34,0.0,0.0,0.0,0.0,0.0,0.0,0.0,0.0
C14_40,0.0,0.0,0.0,0.0,0.0,0.0,0.0,0.0
C16_39,0.0,0.0,0.0,0.0,0.0,0.0,0.0,0.0
C34_27,0.0,0.0,0.0,0.0,0.0,0.0,0.0,0.0
C26_32,0.0,0.0,0.0,0.0,0.0,0.0,0.0,0.0
C33_28,0.0,0.0,0.0,0.0,0.0,0.0,0.0,0.0
C32_29,0.0,0.0,0.0,0.0,0.0,0.0,0.0,0.0
C31_29,0.0,0.0,0.0,0.0,0.0,0.0,0.0,0.0
C30_29,0.0,0.0,0.0,0.0,0.0,0.0,0.0,0.0
C29_30,0.0,0.0,0.0,0.0,0.0,0.0,0.0,0.0
C28_31,0.0,0.0,0.0,0.0,0.0,0.0,0.0,0.0
C27_31,0.0,0.0,0.0,0.0,0.0,0.0,0.0,0.0
C25_33,0.0,0.0,0.0,0.0,0.0,0.0,0.0,0.0
C17_39,0.0,0.0,0.0,0.0,0.0,0.0,0.0,0.0
C24_34,0.0,0.0,0.0,0.0,0.0,0.0,0.0,0.0
C23_35,0.0,0.0,0.0,0.0,0.0,0.0,0.0,0.0
C22_35,0.0,0.0,0.0,0.0,0.0,0.0,0.0,0.0
C21_36,0.0,0.0,0.0,0.0,0.0,0.0,0.0,0.0
C20_36,0.0,0.0,0.0,0.0,0.0,0.0,0.0,0.0
C19_37,0.0,0.0,0.0,0.0,0.0,0.0,0.0,0.0
C18_38,0.0,0.0,0.0,0.0,0.0,0.0,0.0,0.0
6.45_48,0.0,0.0,0.0,0.0,0.0,0.0,0.0,0.0
6.30_43,0.0,0.0,0.0,0.0,0.0,0.0,0.0,0.0
6.43_48,0.0,0.0,0.0,0.0,0.0,0.0,0.0,0.0
2.58_48,0.0,0.0,0.0,0.0,0.0,0.0,0.0,0.0
3.24_47,0.0,0.0,0.0,0.0,0.0,0.0,0.0,0.0
3.23_45,0.0,0.0,0.0,0.0,0.0,0.0,0.0,0.0
3.22_43,0.0,0.0,0.0,0.0,0.0,0.0,0.0,0.0
3.21_39_CP,0.0,0.0,0.0,0.0,0.0,0.0,0.0,0.0
2.67_27,0.0,0.0,0.0,0.0,0.0,0.0,0.0,0.0
2.65_38,0.0,0.0,0.0,0.0,0.0,0.0,0.0,0.0
2.62_44,0.0,0.0,0.0,0.0,0.0,0.0,0.0,0.0
2.56_48_CP,0.0,0.0,0.0,0.0,0.0,0.0,0.0,0.0
3.26_48_CP,0.0,0.0,0.0,0.0,0.0,0.0,0.0,0.0
2.55_48,0.0,0.0,0.0,0.0,0.0,0.0,0.0,0.0
2.54_48,0.0,0.0,0.0,0.0,0.0,0.0,0.0,0.0
2.52_48,0.0,0.0,0.0,0.0,0.0,0.0,0.0,0.0
2.51_48,0.0,0.0,0.0,0.0,0.0,0.0,0.0,0.0
2.50_48,0.0,0.0,0.0,0.0,0.0,0.0,0.0,0.0
2.49_48,0.0,0.0,0.0,0.0,0.0,0.0,0.0,0.0
2.48_48,0.0,0.0,0.0,0.0,0.0,0.0,0.0,0.0
3.25_48,0.0,0.0,0.0,0.0,0.0,0.0,0.0,0.0
3.27_48,0.0,0.0,0.0,0.0,0.0,0.0,0.0,0.0
2.46_48,0.0,0.0,0.0,0.0,0.0,0.0,0.0,0.0
3.43_48,0.0,0.0,0.0,0.0,0.0,0.0,0.0,0.0
3.50_48,0.0,0.0,0.0,0.0,0.0,0.0,0.0,0.0
3.49_48,0.0,0.0,0.0,0.0,0.0,0.0,0.0,0.0
3.48_48,0.0,0.0,0.0,0.0,0.0,0.0,0.0,0.0
3.47_48,0.0,0.0,0.0,0.0,0.0,0.0,0.0,0.0
3.46_48,0.0,0.0,0.0,0.0,0.0,0.0,0.0,0.0
3.45_48,0.0,0.0,0.0,0.0,0.0,0.0,0.0,0.0
3.44_48,0.0,0.0,0.0,0.0,0.0,0.0,0.0,0.0
3.42_48,0.0,0.0,0.0,0.0,0.0,0.0,0.0,0.0
3.29_48_CP,0.0,0.0,0.0,0.0,0.0,0.0,0.0,0.0
3.40_48_CP,0.0,0.0,0.0,0.0,0.0,0.0,0.0,0.0
3.39_48,0.0,0.0,0.0,0.0,0.0,0.0,0.0,0.0
3.38_48,0.0,0.0,0.0,0.0,0.0,0.0,0.0,0.0
3.37_48_CP,0.0,0.0,0.0,0.0,0.0,0.0,0.0,0.0
3.35_48,0.0,0.0,0.0,0.0,0.0,0.0,0.0,0.0
3.31_48,0.0,0.0,0.0,0.0,0.0,0.0,0.0,0.0
3.30_48_CP,0.0,0.0,0.0,0.0,0.0,0.0,0.0,0.0
2.47_47,0.0,0.0,0.0,0.0,0.0,0.0,0.0,0.0
2.45_48,0.0,0.0,0.0,0.0,0.0,0.0,0.0,0.0
6.42_48,0.0,0.0,0.0,0.0,0.0,0.0,0.0,0.0
1.40_48,0.0,0.0,0.0,0.0,0.0,0.0,0.0,0.0
1.47_48,0.0,0.0,0.0,0.0,0.0,0.0,0.0,0.0
1.46_48,0.0,0.0,0.0,0.0,0.0,0.0,0.0,0.0
1.45_48,0.0,0.0,0.0,0.0,0.0,0.0,0.0,0.0
1.44_48,0.0,0.0,0.0,0.0,0.0,0.0,0.0,0.0
1.43_48,0.0,0.0,0.0,0.0,0.0,0.0,0.0,0.0
1.42_48,0.0,0.0,0.0,0.0,0.0,0.0,0.0,0.0
1.41_48,0.0,0.0,0.0,0.0,0.0,0.0,0.0,0.0
1.38_48,0.0,0.0,0.0,0.0,0.0,0.0,0.0,0.0
1.49_48,0.0,0.0,0.0,0.0,0.0,0.0,0.0,0.0
1.37_48,0.0,0.0,0.0,0.0,0.0,0.0,0.0,0.0
1.36_48,0.0,0.0,0.0,0.0,0.0,0.0,0.0,0.0
1.35_48_CP,0.0,0.0,0.0,0.0,0.0,0.0,0.0,0.0
1.34_45,0.0,0.0,0.0,0.0,0.0,0.0,0.0,0.0
1.33_45,0.0,0.0,0.0,0.0,0.0,0.0,0.0,0.0
1.32_43,0.0,0.0,0.0,0.0,0.0,0.0,0.0,0.0
1.31_39,0.0,0.0,0.0,0.0,0.0,0.0,0.0,0.0
1.48_48,0.0,0.0,0.0,0.0,0.0,0.0,0.0,0.0
1.50_48,0.0,0.0,0.0,0.0,0.0,0.0,0.0,0.0
2.44_48,0.0,0.0,0.0,0.0,0.0,0.0,0.0,0.0
1.60_47,0.0,0.0,0.0,0.0,0.0,0.0,0.0,0.0
2.43_48,0.0,0.0,0.0,0.0,0.0,0.0,0.0,0.0
2.42_48,0.0,0.0,0.0,0.0,0.0,0.0,0.0,0.0
2.41_48,0.0,0.0,0.0,0.0,0.0,0.0,0.0,0.0
2.40_48,0.0,0.0,0.0,0.0,0.0,0.0,0.0,0.0
2.39_47,0.0,0.0,0.0,0.0,0.0,0.0,0.0,0.0
2.38_45,0.0,0.0,0.0,0.0,0.0,0.0,0.0,0.0
2.37_42,0.0,0.0,0.0,0.0,0.0,0.0,0.0,0.0
1.59_47,0.0,0.0,0.0,0.0,0.0,0.0,0.0,0.0
1.51_48,0.0,0.0,0.0,0.0,0.0,0.0,0.0,0.0
1.58_48,0.0,0.0,0.0,0.0,0.0,0.0,0.0,0.0
1.57_48,0.0,0.0,0.0,0.0,0.0,0.0,0.0,0.0
1.56_48,0.0,0.0,0.0,0.0,0.0,0.0,0.0,0.0
1.55_48,0.0,0.0,0.0,0.0,0.0,0.0,0.0,0.0
1.54_48,0.0,0.0,0.0,0.0,0.0,0.0,0.0,0.0
1.53_48,0.0,0.0,0.0,0.0,0.0,0.0,0.0,0.0
1.52_48,0.0,0.0,0.0,0.0,0.0,0.0,0.0,0.0
3.51_48,0.0,0.0,0.0,0.0,0.0,0.0,0.0,0.0
3.52_48,0.0,0.0,0.0,0.0,0.0,0.0,0.0,0.0
3.53_48,0.0,0.0,0.0,0.0,0.0,0.0,0.0,0.0
5.63_46,0.0,0.0,0.0,0.0,0.0,0.0,0.0,0.0
5.70_29,0.0,0.0,0.0,0.0,0.0,0.0,0.0,0.0
5.69_31,0.0,0.0,0.0,0.0,0.0,0.0,0.0,0.0
5.68_40,0.0,0.0,0.0,0.0,0.0,0.0,0.0,0.0
5.67_44,0.0,0.0,0.0,0.0,0.0,0.0,0.0,0.0
5.66_44,0.0,0.0,0.0,0.0,0.0,0.0,0.0,0.0
5.65_45,0.0,0.0,0.0,0.0,0.0,0.0,0.0,0.0
5.64_46,0.0,0.0,0.0,0.0,0.0,0.0,0.0,0.0
5.62_47,0.0,0.0,0.0,0.0,0.0,0.0,0.0,0.0
5.72_27,0.0,0.0,0.0,0.0,0.0,0.0,0.0,0.0
5.61_48,0.0,0.0,0.0,0.0,0.0,0.0,0.0,0.0
5.60_48,0.0,0.0,0.0,0.0,0.0,0.0,0.0,0.0
5.59_48,0.0,0.0,0.0,0.0,0.0,0.0,0.0,0.0
5.58_48,0.0,0.0,0.0,0.0,0.0,0.0,0.0,0.0
5.57_48,0.0,0.0,0.0,0.0,0.0,0.0,0.0,0.0
5.56_48,0.0,0.0,0.0,0.0,0.0,0.0,0.0,0.0
5.55_48,0.0,0.0,0.0,0.0,0.0,0.0,0.0,0.0
5.71_28,0.0,0.0,0.0,0.0,0.0,0.0,0.0,0.0
6.24_23,0.0,0.0,0.0,0.0,0.0,0.0,0.0,0.0
3.54_48,0.0,0.0,0.0,0.0,0.0,0.0,0.0,0.0
6.34_48,0.0,0.0,0.0,0.0,0.0,0.0,0.0,0.0
6.41_48,0.0,0.0,0.0,0.0,0.0,0.0,0.0,0.0
6.40_48,0.0,0.0,0.0,0.0,0.0,0.0,0.0,0.0
6.39_48,0.0,0.0,0.0,0.0,0.0,0.0,0.0,0.0
6.38_48,0.0,0.0,0.0,0.0,0.0,0.0,0.0,0.0
6.37_48,0.0,0.0,0.0,0.0,0.0,0.0,0.0,0.0
6.36_48,0.0,0.0,0.0,0.0,0.0,0.0,0.0,0.0
6.35_48,0.0,0.0,0.0,0.0,0.0,0.0,0.0,0.0
6.33_48,0.0,0.0,0.0,0.0,0.0,0.0,0.0,0.0
6.25_27,0.0,0.0,0.0,0.0,0.0,0.0,0.0,0.0
6.32_46,0.0,0.0,0.0,0.0,0.0,0.0,0.0,0.0
6.31_45,0.0,0.0,0.0,0.0,0.0,0.0,0.0,0.0
1.29_33,0.0,0.0,0.0,0.0,0.0,0.0,0.0,0.0
6.29_41,0.0,0.0,0.0,0.0,0.0,0.0,0.0,0.0
6.28_36,0.0,0.0,0.0,0.0,0.0,0.0,0.0,0.0
6.27_33,0.0,0.0,0.0,0.0,0.0,0.0,0.0,0.0
6.26_31,0.0,0.0,0.0,0.0,0.0,0.0,0.0,0.0
5.54_48,0.0,0.0,0.0,0.0,0.0,0.0,0.0,0.0
5.51_48,0.0,0.0,0.0,0.0,0.0,0.0,0.0,0.0
5.50_48,0.0,0.0,0.0,0.0,0.0,0.0,0.0,0.0
4.44_48,0.0,0.0,0.0,0.0,0.0,0.0,0.0,0.0
4.51_48,0.0,0.0,0.0,0.0,0.0,0.0,0.0,0.0
4.50_48,0.0,0.0,0.0,0.0,0.0,0.0,0.0,0.0
4.49_48,0.0,0.0,0.0,0.0,0.0,0.0,0.0,0.0
4.48_48,0.0,0.0,0.0,0.0,0.0,0.0,0.0,0.0
4.47_48,0.0,0.0,0.0,0.0,0.0,0.0,0.0,0.0
4.46_48,0.0,0.0,0.0,0.0,0.0,0.0,0.0,0.0
4.45_48,0.0,0.0,0.0,0.0,0.0,0.0,0.0,0.0
4.43_48,0.0,0.0,0.0,0.0,0.0,0.0,0.0,0.0
5.49_48,0.0,0.0,0.0,0.0,0.0,0.0,0.0,0.0
4.42_48,0.0,0.0,0.0,0.0,0.0,0.0,0.0,0.0
4.41_48,0.0,0.0,0.0,0.0,0.0,0.0,0.0,0.0
4.40_44,0.0,0.0,0.0,0.0,0.0,0.0,0.0,0.0
4.39_43,0.0,0.0,0.0,0.0,0.0,0.0,0.0,0.0
4.38_42,0.0,0.0,0.0,0.0,0.0,0.0,0.0,0.0
3.56_42,0.0,0.0,0.0,0.0,0.0,0.0,0.0,0.0
3.55_46,0.0,0.0,0.0,0.0,0.0,0.0,0.0,0.0
4.52_48,0.0,0.0,0.0,0.0,0.0,0.0,0.0,0.0
4.53_48,0.0,0.0,0.0,0.0,0.0,0.0,0.0,0.0
4.54_48,0.0,0.0,0.0,0.0,0.0,0.0,0.0,0.0
4.56_48_CP,0.0,0.0,0.0,0.0,0.0,0.0,0.0,0.0
5.48_47,0.0,0.0,0.0,0.0,0.0,0.0,0.0,0.0
5.47_48_CP,0.0,0.0,0.0,0.0,0.0,0.0,0.0,0.0
5.45_48,0.0,0.0,0.0,0.0,0.0,0.0,0.0,0.0
5.43_48_CP,0.0,0.0,0.0,0.0,0.0,0.0,0.0,0.0
5.41_48,0.0,0.0,0.0,0.0,0.0,0.0,0.0,0.0
5.37_41_CP,0.0,0.0,0.0,0.0,0.0,0.0,0.0,0.0
5.36_40_CP,0.0,0.0,0.0,0.0,0.0,0.0,0.0,0.0
5.34_23,0.0,0.0,0.0,0.0,0.0,0.0,0.0,0.0
5.33_21_CP,0.0,0.0,0.0,0.0,0.0,0.0,0.0,0.0
4.63_46,0.0,0.0,0.0,0.0,0.0,0.0,0.0,0.0
4.62_48,0.0,0.0,0.0,0.0,0.0,0.0,0.0,0.0
4.60_48_CP,0.0,0.0,0.0,0.0,0.0,0.0,0.0,0.0
4.59_48_CP,0.0,0.0,0.0,0.0,0.0,0.0,0.0,0.0
4.58_48_CP,0.0,0.0,0.0,0.0,0.0,0.0,0.0,0.0
4.57_48_CP,0.0,0.0,0.0,0.0,0.0,0.0,0.0,0.0
N39_21,0.0,0.0,0.0,0.0,0.0,0.0,0.0,0.0
